name	new_class
train-0	0
train_data-1	0
train_data-2	0
train_data-3	0
train_data-4	0
train_data-5	0
train_data-6	0
train_data-7	0
train_data-8	0
train_data-9	0
train_data-10	0
train_data-11	0
train_data-12	0
train_data-13	0
train_data-14	0
train_data-15	0
train_data-16	0
train_data-17	0
train_data-18	0
train_data-19	0
train_data-20	0
train_data-21	0
train_data-22	0
train_data-23	0
train_data-24	0
train_data-25	0
train_data-26	0
train_data-27	0
train_data-28	1
train_data-29	0
train_data-30	0
train_data-31	0
train_data-32	0
train_data-33	0
train_data-34	0
train_data-35	0
train_data-36	0
train_data-37	0
train_data-38	0
train_data-39	0
train_data-40	0
train_data-41	0
train_data-42	0
train_data-43	0
train_data-44	0
train_data-45	0
train_data-46	0
train_data-47	0
train_data-48	0
train_data-49	0
train_data-50	0
train_data-51	0
train_data-52	0
train_data-53	0
train_data-54	0
train_data-55	0
train_data-56	0
train_data-57	0
train_data-58	0
train_data-59	0
train_data-60	0
train_data-61	0
train_data-62	0
train_data-63	0
train_data-64	0
train_data-65	0
train_data-66	0
train_data-67	0
train_data-68	0
train_data-69	0
train_data-70	0
train_data-71	0
train_data-72	0
train_data-73	0
train_data-74	0
train_data-75	0
train_data-76	0
train_data-77	0
train_data-78	0
train_data-79	0
train_data-80	0
train_data-81	0
train_data-82	0
train_data-83	0
train_data-84	0
train_data-85	0
train_data-86	0
train_data-87	0
train_data-88	0
train_data-89	0
train_data-90	0
train_data-91	0
train_data-92	0
train_data-93	0
train_data-94	0
train_data-95	0
train_data-96	0
train_data-97	0
train_data-98	0
train_data-99	0
train_data-100	0
train_data-101	0
train_data-102	0
train_data-103	0
train_data-104	0
train_data-105	1
train_data-106	0
train_data-107	0
train_data-108	0
train_data-109	0
train_data-110	0
train_data-111	0
train_data-112	0
train_data-113	0
train_data-114	0
train_data-115	0
train_data-116	0
train_data-117	0
train_data-118	0
train_data-119	0
train_data-120	0
train_data-121	0
train_data-122	0
train_data-123	0
train_data-124	0
train_data-125	0
