name	BENIGN	Bot	DDoS	DoS GoldenEye	DoS Hulk	DoS Slowhttptest	DoS slowloris	FTP-Patator	PortScan	SSH-Patator	Web Attack Brute Force	Web Attack XSS	total
unlabeled_data_pool-1	432	0	25	0	16	1	1	1	32	1	1	0	510
selected_data-1	50	0	0	0	0	0	0	0	0	0	0	0	50
unlabeled_data_pool-2	451	0	23	0	18	2	1	1	35	1	0	0	532
selected_data-2	49	0	1	0	0	0	0	0	0	0	0	0	50
unlabeled_data_pool-3	449	0	24	2	11	0	2	0	51	1	0	0	540
selected_data-3	44	0	6	0	0	0	0	0	0	0	0	0	50
unlabeled_data_pool-4	486	0	11	2	15	1	0	1	44	1	0	0	561
selected_data-4	47	0	1	0	0	0	0	0	2	0	0	0	50
unlabeled_data_pool-5	448	1	16	2	13	1	0	3	41	1	2	0	528
selected_data-5	39	0	2	0	0	1	0	0	8	0	0	0	50
unlabeled_data_pool-6	473	0	13	2	22	0	1	2	33	0	0	0	546
selected_data-6	32	0	3	0	0	0	0	0	15	0	0	0	50
unlabeled_data_pool-7	450	0	9	1	10	1	0	3	35	0	0	0	509
selected_data-7	39	0	0	0	0	0	0	0	11	0	0	0	50
unlabeled_data_pool-8	448	1	13	3	8	0	1	2	43	1	0	0	520
selected_data-8	29	0	3	0	0	0	1	0	17	0	0	0	50
unlabeled_data_pool-9	438	4	6	1	6	0	2	1	42	1	0	0	501
selected_data-9	35	0	1	0	0	0	1	0	13	0	0	0	50
unlabeled_data_pool-10	442	0	12	4	21	0	2	2	36	1	0	0	520
selected_data-10	29	0	2	0	2	0	0	0	17	0	0	0	50
unlabeled_data_pool-11	461	0	8	0	22	0	0	1	28	1	1	0	522
selected_data-11	41	0	1	0	0	0	0	0	8	0	0	0	50
unlabeled_data_pool-12	486	0	11	2	29	0	1	1	34	1	0	0	565
selected_data-12	46	0	0	0	3	0	0	1	0	0	0	0	50
unlabeled_data_pool-13	470	0	11	1	25	0	1	0	23	2	0	0	533
selected_data-13	36	0	3	0	5	0	0	0	6	0	0	0	50
unlabeled_data_pool-14	445	2	9	0	15	1	3	1	33	1	0	0	510
selected_data-14	38	0	3	0	0	1	0	1	7	0	0	0	50
unlabeled_data_pool-15	468	0	7	0	17	0	0	0	51	0	0	0	543
selected_data-15	22	0	2	0	0	0	0	0	26	0	0	0	50
unlabeled_data_pool-16	447	1	6	1	17	0	0	2	46	0	0	0	520
selected_data-16	30	0	2	0	0	0	0	0	18	0	0	0	50
unlabeled_data_pool-17	418	0	14	0	21	0	1	0	48	0	0	0	502
selected_data-17	17	0	3	0	0	0	0	0	30	0	0	0	50
unlabeled_data_pool-18	462	2	10	2	15	0	0	3	36	0	0	0	530
selected_data-18	28	1	1	0	1	0	0	3	16	0	0	0	50
unlabeled_data_pool-19	434	4	13	4	19	0	1	1	29	3	0	0	508
selected_data-19	32	0	3	0	0	0	0	0	14	1	0	0	50
unlabeled_data_pool-20	424	2	7	0	38	0	0	1	29	6	0	0	507
selected_data-20	32	0	1	0	1	0	0	0	11	5	0	0	50
unlabeled_data_pool-21	422	0	9	1	47	0	0	1	39	0	0	0	519
selected_data-21	23	0	4	0	15	0	0	0	8	0	0	0	50
unlabeled_data_pool-22	458	0	6	1	9	0	0	0	48	3	0	0	525
selected_data-22	25	0	3	0	0	0	0	0	19	3	0	0	50
unlabeled_data_pool-23	437	0	8	2	46	0	0	0	29	2	0	0	524
selected_data-23	39	0	0	0	1	0	0	0	9	1	0	0	50
unlabeled_data_pool-24	428	4	6	3	51	0	0	2	32	1	0	0	527
selected_data-24	32	0	1	0	5	0	0	1	10	1	0	0	50
unlabeled_data_pool-25	449	4	8	2	29	0	0	2	15	1	0	0	510
selected_data-25	42	1	0	0	1	0	0	2	3	1	0	0	50
unlabeled_data_pool-26	443	0	6	0	17	6	1	1	33	2	0	0	509
selected_data-26	33	0	2	0	1	1	0	0	12	1	0	0	50
unlabeled_data_pool-27	441	1	11	4	24	1	0	4	31	3	0	0	520
selected_data-27	24	0	3	2	3	1	0	2	15	0	0	0	50
unlabeled_data_pool-28	365	1	21	1	81	0	0	2	37	1	0	0	509
selected_data-28	17	0	4	0	21	0	0	0	8	0	0	0	50
unlabeled_data_pool-29	407	0	32	1	47	2	1	0	48	3	2	0	543
selected_data-29	37	0	3	0	1	1	0	0	6	1	1	0	50
unlabeled_data_pool-30	478	0	16	2	13	0	1	2	42	1	0	0	555
selected_data-30	49	0	0	0	1	0	0	0	0	0	0	0	50
unlabeled_data_pool-31	436	0	16	2	48	0	0	0	24	1	0	0	527
selected_data-31	48	0	0	1	1	0	0	0	0	0	0	0	50
unlabeled_data_pool-32	450	1	13	3	20	0	0	3	21	0	0	0	511
selected_data-32	45	0	1	2	1	0	0	1	0	0	0	0	50
unlabeled_data_pool-33	502	0	7	3	18	0	0	1	14	0	0	0	545
selected_data-33	46	0	0	2	1	0	0	1	0	0	0	0	50
unlabeled_data_pool-34	459	0	7	1	18	0	1	0	16	1	0	0	503
selected_data-34	48	0	1	0	1	0	0	0	0	0	0	0	50
unlabeled_data_pool-35	490	0	7	0	28	0	1	1	25	0	0	0	552
selected_data-35	36	0	2	0	7	0	0	0	5	0	0	0	50
unlabeled_data_pool-36	454	2	16	6	35	1	2	0	8	1	0	0	525
selected_data-36	29	0	3	0	15	1	0	0	2	0	0	0	50
unlabeled_data_pool-37	466	0	11	2	51	0	1	0	19	1	0	0	551
selected_data-37	35	0	2	1	9	0	0	0	3	0	0	0	50
unlabeled_data_pool-38	387	0	11	4	68	1	1	1	28	0	0	0	501
selected_data-38	26	0	3	1	5	1	1	0	13	0	0	0	50
unlabeled_data_pool-39	444	1	12	3	28	0	1	2	31	1	0	0	523
selected_data-39	31	0	3	0	2	0	1	0	12	1	0	0	50
unlabeled_data_pool-40	466	2	15	6	17	0	2	2	18	0	0	0	528
selected_data-40	38	0	5	1	1	0	0	0	5	0	0	0	50
unlabeled_data_pool-41	450	0	8	3	34	0	1	1	24	0	1	0	522
selected_data-41	36	0	1	0	3	0	0	0	10	0	0	0	50
unlabeled_data_pool-42	452	0	4	3	45	0	0	2	25	0	0	0	531
selected_data-42	45	0	0	0	2	0	0	0	3	0	0	0	50
unlabeled_data_pool-43	434	0	18	3	51	0	0	1	5	1	1	0	514
selected_data-43	42	0	3	1	3	0	0	1	0	0	0	0	50
unlabeled_data_pool-44	428	0	12	3	50	1	1	1	4	0	0	0	500
selected_data-44	41	0	3	0	5	0	0	1	0	0	0	0	50
unlabeled_data_pool-45	417	0	14	3	78	1	0	2	12	3	0	0	530
selected_data-45	31	0	5	0	10	1	0	1	2	0	0	0	50
unlabeled_data_pool-46	429	0	11	0	46	1	1	1	19	0	1	0	509
selected_data-46	40	0	6	0	3	0	0	0	1	0	0	0	50
unlabeled_data_pool-47	452	1	6	3	51	1	0	2	4	0	0	0	520
selected_data-47	37	0	2	1	10	0	0	0	0	0	0	0	50
unlabeled_data_pool-48	458	0	10	0	44	1	0	2	7	0	0	0	522
selected_data-48	41	0	2	0	6	1	0	0	0	0	0	0	50
unlabeled_data_pool-49	395	0	11	3	81	0	0	4	9	3	0	0	506
selected_data-49	32	0	5	1	9	0	0	0	1	2	0	0	50
unlabeled_data_pool-50	384	2	25	7	49	1	1	1	28	3	0	0	501
selected_data-50	18	1	7	1	9	0	0	0	11	3	0	0	50
unlabeled_data_pool-51	416	1	14	3	51	0	0	1	11	5	1	0	503
selected_data-51	32	0	7	0	7	0	0	0	2	2	0	0	50
unlabeled_data_pool-52	407	0	15	2	82	1	0	3	15	2	0	0	527
selected_data-52	25	0	8	0	11	1	0	0	3	2	0	0	50
unlabeled_data_pool-53	443	0	17	1	42	4	0	1	11	2	0	0	521
selected_data-53	43	0	2	0	3	2	0	0	0	0	0	0	50
unlabeled_data_pool-54	449	0	14	3	45	1	0	0	5	1	0	0	518
selected_data-54	39	0	4	2	5	0	0	0	0	0	0	0	50
unlabeled_data_pool-55	440	0	8	3	39	0	0	2	26	3	0	0	521
selected_data-55	38	0	1	0	5	0	0	0	5	1	0	0	50
unlabeled_data_pool-56	382	2	6	3	111	0	1	0	20	1	0	0	526
selected_data-56	16	1	3	1	25	0	1	0	3	0	0	0	50
unlabeled_data_pool-57	436	1	6	3	48	2	0	1	22	0	0	0	519
selected_data-57	37	0	0	0	9	0	0	0	4	0	0	0	50
unlabeled_data_pool-58	401	1	11	4	60	1	0	4	27	1	0	0	510
selected_data-58	22	1	5	1	17	0	0	0	4	0	0	0	50
unlabeled_data_pool-59	394	1	10	2	69	0	0	2	23	5	0	0	506
selected_data-59	23	0	0	0	20	0	0	0	5	2	0	0	50
unlabeled_data_pool-60	424	0	7	2	70	0	1	0	4	2	0	0	510
selected_data-60	45	0	1	0	3	0	1	0	0	0	0	0	50
unlabeled_data_pool-61	371	0	14	5	97	1	0	3	9	0	0	0	500
selected_data-61	28	0	2	0	20	0	0	0	0	0	0	0	50
unlabeled_data_pool-62	388	0	12	1	72	0	0	3	46	2	0	0	524
selected_data-62	19	0	4	0	3	0	0	0	24	0	0	0	50
unlabeled_data_pool-63	373	1	13	3	58	0	1	4	49	0	0	0	502
selected_data-63	24	0	3	0	2	0	0	0	21	0	0	0	50
unlabeled_data_pool-64	425	1	2	2	34	1	1	2	40	0	0	1	509
selected_data-64	38	0	0	0	3	1	0	0	8	0	0	0	50
unlabeled_data_pool-65	426	0	6	4	64	1	1	4	2	0	0	0	508
selected_data-65	44	0	1	1	4	0	0	0	0	0	0	0	50
unlabeled_data_pool-66	395	1	7	5	94	0	0	5	2	0	0	0	509
selected_data-66	40	0	1	2	7	0	0	0	0	0	0	0	50
unlabeled_data_pool-67	431	1	10	4	49	0	0	4	7	0	0	0	506
selected_data-67	42	0	3	2	3	0	0	0	0	0	0	0	50
unlabeled_data_pool-68	362	0	19	0	106	0	0	2	16	0	0	0	505
selected_data-68	16	0	1	0	30	0	0	0	3	0	0	0	50
unlabeled_data_pool-69	404	2	3	11	60	3	2	4	22	0	0	0	511
selected_data-69	30	0	2	5	10	0	0	0	3	0	0	0	50
unlabeled_data_pool-70	364	0	14	5	104	2	0	8	4	0	0	0	501
selected_data-70	20	0	6	1	21	2	0	0	0	0	0	0	50
unlabeled_data_pool-71	395	0	25	4	68	0	1	5	9	0	0	0	507
selected_data-71	32	0	12	0	5	0	1	0	0	0	0	0	50
unlabeled_data_pool-72	372	1	9	5	97	3	0	1	18	0	0	0	506
selected_data-72	27	0	4	1	18	0	0	0	0	0	0	0	50
unlabeled_data_pool-73	333	0	21	6	139	0	0	0	4	0	0	0	503
selected_data-73	7	0	6	1	36	0	0	0	0	0	0	0	50
unlabeled_data_pool-74	378	0	19	10	81	0	2	0	19	0	0	0	509
selected_data-74	23	0	2	3	14	0	1	0	7	0	0	0	50
unlabeled_data_pool-75	362	0	13	5	113	4	2	1	11	0	0	0	511
selected_data-75	23	0	6	0	15	3	1	0	2	0	0	0	50
unlabeled_data_pool-76	352	1	17	7	127	0	0	1	7	0	0	0	512
selected_data-76	13	0	2	1	34	0	0	0	0	0	0	0	50
unlabeled_data_pool-77	357	0	4	2	138	1	0	1	11	0	0	0	514
selected_data-77	20	0	1	0	26	0	0	0	3	0	0	0	50
unlabeled_data_pool-78	394	0	12	8	100	0	0	2	0	0	0	0	516
selected_data-78	36	0	8	2	4	0	0	0	0	0	0	0	50
unlabeled_data_pool-79	397	1	7	5	71	2	0	5	18	0	0	0	506
selected_data-79	37	0	3	2	3	2	0	0	3	0	0	0	50
unlabeled_data_pool-80	314	0	5	4	168	0	1	4	23	0	0	0	519
selected_data-80	7	0	0	0	41	0	0	0	2	0	0	0	50
unlabeled_data_pool-81	381	3	8	5	96	0	0	2	9	0	0	0	504
selected_data-81	24	0	2	1	23	0	0	0	0	0	0	0	50
unlabeled_data_pool-82	365	0	8	6	119	0	1	6	17	0	0	0	522
selected_data-82	14	0	0	1	31	0	0	0	4	0	0	0	50
unlabeled_data_pool-83	363	0	10	1	95	2	1	3	44	0	0	0	519
selected_data-83	18	0	2	0	17	2	0	0	11	0	0	0	50
unlabeled_data_pool-84	332	2	6	2	91	2	0	6	68	0	0	0	509
selected_data-84	12	0	2	0	3	1	0	0	32	0	0	0	50
unlabeled_data_pool-85	364	0	6	1	66	2	1	2	71	0	0	0	513
selected_data-85	22	0	4	1	3	1	0	0	19	0	0	0	50
unlabeled_data_pool-86	326	1	7	0	93	1	0	5	71	0	0	0	504
selected_data-86	26	0	2	0	6	0	0	0	16	0	0	0	50
unlabeled_data_pool-87	301	0	36	0	105	0	1	2	67	0	0	0	512
selected_data-87	20	0	11	0	5	0	1	0	13	0	0	0	50
unlabeled_data_pool-88	296	0	2	0	132	0	3	1	71	0	0	0	505
selected_data-88	15	0	0	0	20	0	0	0	15	0	0	0	50
unlabeled_data_pool-89	331	2	45	3	116	0	1	6	3	0	0	0	507
selected_data-89	28	0	11	1	10	0	0	0	0	0	0	0	50
unlabeled_data_pool-90	339	1	2	2	154	0	0	4	15	0	0	0	517
selected_data-90	28	0	1	0	20	0	0	0	1	0	0	0	50
unlabeled_data_pool-91	380	1	3	5	96	0	1	4	10	0	0	0	500
selected_data-91	37	0	2	2	8	0	1	0	0	0	0	0	50
unlabeled_data_pool-92	395	1	7	3	90	1	2	4	7	0	0	0	510
selected_data-92	44	0	3	1	2	0	0	0	0	0	0	0	50
unlabeled_data_pool-93	369	2	1	3	121	0	0	3	3	0	0	0	502
selected_data-93	26	0	0	0	24	0	0	0	0	0	0	0	50
unlabeled_data_pool-94	357	0	11	4	92	0	0	4	34	0	0	0	502
selected_data-94	12	0	1	0	33	0	0	0	4	0	0	0	50
unlabeled_data_pool-95	365	0	6	1	63	0	1	1	80	1	0	0	518
selected_data-95	9	0	0	0	16	0	0	0	25	0	0	0	50
unlabeled_data_pool-96	424	1	3	1	79	1	0	2	12	0	0	0	523
selected_data-96	38	0	0	0	11	1	0	0	0	0	0	0	50
unlabeled_data_pool-97	378	3	5	0	87	0	0	2	26	0	0	1	502
selected_data-97	16	0	0	0	34	0	0	0	0	0	0	0	50
unlabeled_data_pool-98	330	2	5	6	156	0	0	3	10	0	0	0	512
selected_data-98	6	0	2	0	42	0	0	0	0	0	0	0	50
unlabeled_data_pool-99	355	0	9	2	112	1	0	2	21	0	0	0	502
selected_data-99	22	0	1	1	25	1	0	0	0	0	0	0	50
unlabeled_data_pool-100	442	0	7	2	53	0	0	2	10	0	0	0	516
selected_data-100	38	0	1	0	11	0	0	0	0	0	0	0	50
unlabeled_data_pool-101	383	1	8	3	78	0	0	4	29	0	0	0	506
selected_data-101	15	0	1	1	33	0	0	0	0	0	0	0	50
unlabeled_data_pool-102	339	0	22	4	70	0	1	1	65	0	0	0	502
selected_data-102	18	0	8	1	3	0	0	0	20	0	0	0	50
unlabeled_data_pool-103	371	0	5	1	42	0	0	2	85	0	1	1	508
selected_data-103	14	0	0	0	0	0	0	0	36	0	0	0	50
unlabeled_data_pool-104	355	0	6	2	75	0	0	1	63	0	0	0	502
selected_data-104	18	0	0	1	8	0	0	0	23	0	0	0	50
unlabeled_data_pool-105	354	0	9	4	62	1	2	2	74	0	0	2	510
selected_data-105	20	0	1	1	6	0	0	0	22	0	0	0	50
unlabeled_data_pool-106	404	0	24	1	67	0	0	1	39	3	0	2	541
selected_data-106	34	0	8	1	7	0	0	0	0	0	0	0	50
unlabeled_data_pool-107	392	0	32	1	62	2	1	1	34	0	0	0	525
selected_data-107	40	0	2	0	8	0	0	0	0	0	0	0	50
unlabeled_data_pool-108	411	0	31	2	59	0	0	0	31	0	0	0	534
selected_data-108	42	0	0	0	8	0	0	0	0	0	0	0	50
unlabeled_data_pool-109	413	1	32	0	54	0	0	1	20	0	0	0	521
selected_data-109	46	0	0	0	4	0	0	0	0	0	0	0	50
unlabeled_data_pool-110	447	1	12	2	61	1	0	1	19	1	0	0	545
selected_data-110	47	0	1	0	1	0	0	1	0	0	0	0	50
unlabeled_data_pool-111	410	1	32	0	68	0	0	1	16	2	0	0	530
selected_data-111	47	0	0	0	3	0	0	0	0	0	0	0	50
unlabeled_data_pool-112	422	0	30	0	56	0	0	1	44	1	0	0	554
selected_data-112	45	0	1	0	4	0	0	0	0	0	0	0	50
unlabeled_data_pool-113	382	1	21	1	59	0	1	1	57	0	0	0	523
selected_data-113	39	0	2	0	1	0	0	1	7	0	0	0	50
unlabeled_data_pool-114	377	0	23	1	69	0	0	0	32	0	0	0	502
selected_data-114	41	0	3	0	6	0	0	0	0	0	0	0	50
unlabeled_data_pool-115	357	1	31	0	54	0	0	1	62	0	0	1	507
selected_data-115	27	0	3	0	2	0	0	0	18	0	0	0	50
unlabeled_data_pool-116	366	0	26	0	69	0	0	2	60	0	0	0	523
selected_data-116	16	0	1	0	15	0	0	0	18	0	0	0	50
unlabeled_data_pool-117	380	0	22	1	89	0	0	2	32	0	0	0	526
selected_data-117	42	0	3	1	3	0	0	0	1	0	0	0	50
unlabeled_data_pool-118	338	1	43	1	70	0	0	2	73	0	0	0	528
selected_data-118	14	0	2	0	3	0	0	0	31	0	0	0	50
unlabeled_data_pool-119	318	0	45	0	85	1	0	1	55	0	0	0	505
selected_data-119	4	0	2	0	30	0	0	0	14	0	0	0	50
unlabeled_data_pool-120	317	0	21	0	77	0	1	4	89	0	0	0	509
selected_data-120	14	0	5	0	2	0	0	0	29	0	0	0	50
unlabeled_data_pool-121	308	1	14	2	106	3	0	1	68	0	0	0	503
selected_data-121	41	0	1	0	2	0	0	0	6	0	0	0	50
unlabeled_data_pool-122	341	2	24	0	96	2	0	3	39	0	0	0	507
selected_data-122	38	0	2	0	6	0	0	0	4	0	0	0	50
unlabeled_data_pool-123	322	2	20	0	93	0	0	1	64	0	0	0	502
selected_data-123	33	0	4	0	0	0	0	0	13	0	0	0	50
unlabeled_data_pool-124	325	0	39	0	94	0	0	2	41	0	0	0	501
selected_data-124	13	0	7	0	21	0	0	0	9	0	0	0	50
unlabeled_data_pool-125	299	1	15	1	97	0	1	1	91	0	0	0	506
selected_data-125	31	0	2	0	0	0	1	0	16	0	0	0	50
